division_from,division_to,sic_section,sic_section_name
1,3,A,"Agriculture, forestry and fishing"
5,9,B,Mining and quarrying
10,33,C,Manufacturing
35,35,D,"Electricity, gas, steam and air conditioning supply"
36,39,E,"Water supply, sewerage and waste management"
41,43,F,Construction
45,47,G,Wholesale and retail trade; repair of motor vehicles
49,53,H,Transportation and storage
55,56,I,Accommodation and food service activities
58,63,J,Information and communication
64,66,K,Financial and insurance activities
68,68,L,Real estate activities
69,75,M,"Professional, scientific and technical activities"
77,82,N,Administrative and support service activities
84,84,O,Public administration and defence
85,85,P,Education
86,88,Q,Human health and social work activities
90,93,R,"Arts, entertainment and recreation"
94,96,S,Other service activities
97,98,T,Activities of households as employers
99,99,U,Activities of extraterritorial organisations
